Checklist ID,Type (Onboarding/Offboarding),Task,Related Objective(s),Responsible,Completed (Y/N),Date Completed,Notes
ON-001,Onboarding,Background screening completed prior to start date,APO07,HR,,,
ON-002,Onboarding,Employment agreement includes security responsibilities,APO07,HR,,,
ON-003,Onboarding,Confidentiality/NDA agreement signed,APO07,HR,,,
ON-004,Onboarding,Security awareness training assigned and scheduled,"APO07, DSS05",HR,,,
ON-005,Onboarding,Access provisioned per least-privilege / role,DSS05,IT Operations,,,
OFF-001,Offboarding,All system access revoked/disabled,DSS05,IT Operations,,,
OFF-002,Offboarding,"Company assets returned (laptop, badge, tokens)",BAI09,IT Operations,,,
OFF-003,Offboarding,Reminder of ongoing confidentiality obligations issued,APO07,HR,,,
OFF-004,Offboarding,Email/account forwarding and data handoff completed,"APO14, DSS05",IT Operations,,,
