Safeguard ID,Control Title,Safeguard Title,Implementation Group,Applicable to Our IG (Y/N),Implementation Status,Evidence Reference,Owner,Last Review Date
1.1,Inventory and Control of Enterprise Assets,Establish and Maintain Detailed Enterprise Asset Inventory,IG1,Y,Not Started,,,
1.2,Inventory and Control of Enterprise Assets,Address Unauthorized Assets,IG1,Y,Not Started,,,
1.3,Inventory and Control of Enterprise Assets,Utilize an Active Discovery Tool,IG2,,Not Started,,,
1.4,Inventory and Control of Enterprise Assets,Use Dynamic Host Configuration Protocol (DHCP) Logging to Update Enterprise Asset Inventory,IG2,,Not Started,,,
1.5,Inventory and Control of Enterprise Assets,Use a Passive Asset Discovery Tool,IG3,,Not Started,,,
2.1,Inventory and Control of Software Assets,Establish and Maintain a Software Inventory,IG1,Y,Not Started,,,
2.2,Inventory and Control of Software Assets,Ensure Authorized Software is Currently Supported,IG1,Y,Not Started,,,
2.3,Inventory and Control of Software Assets,Address Unauthorized Software,IG1,Y,Not Started,,,
2.4,Inventory and Control of Software Assets,Utilize Automated Software Inventory Tools,IG2,,Not Started,,,
2.5,Inventory and Control of Software Assets,Allowlist Authorized Software,IG2,,Not Started,,,
2.6,Inventory and Control of Software Assets,Allowlist Authorized Libraries,IG2,,Not Started,,,
2.7,Inventory and Control of Software Assets,Allowlist Authorized Scripts,IG3,,Not Started,,,
3.1,Data Protection,Establish and Maintain a Data Management Process,IG1,Y,Not Started,,,
3.2,Data Protection,Establish and Maintain a Data Inventory,IG1,Y,Not Started,,,
3.3,Data Protection,Configure Data Access Control Lists,IG1,Y,Not Started,,,
3.4,Data Protection,Enforce Data Retention,IG1,Y,Not Started,,,
3.5,Data Protection,Securely Dispose of Data,IG1,Y,Not Started,,,
3.6,Data Protection,Encrypt Data on End-User Devices,IG1,Y,Not Started,,,
3.7,Data Protection,Establish and Maintain a Data Classification Scheme,IG2,,Not Started,,,
3.8,Data Protection,Document Data Flows,IG2,,Not Started,,,
3.9,Data Protection,Encrypt Data on Removable Media,IG2,,Not Started,,,
3.10,Data Protection,Encrypt Sensitive Data in Transit,IG2,,Not Started,,,
3.11,Data Protection,Encrypt Sensitive Data at Rest,IG2,,Not Started,,,
3.12,Data Protection,Segment Data Processing and Storage Based on Sensitivity,IG2,,Not Started,,,
3.13,Data Protection,Deploy a Data Loss Prevention Solution,IG3,,Not Started,,,
3.14,Data Protection,Log Sensitive Data Access,IG3,,Not Started,,,
4.1,Secure Configuration of Enterprise Assets and Software,Establish and Maintain a Secure Configuration Process,IG1,Y,Not Started,,,
4.2,Secure Configuration of Enterprise Assets and Software,Establish and Maintain a Secure Configuration Process for Network Infrastructure,IG1,Y,Not Started,,,
4.3,Secure Configuration of Enterprise Assets and Software,Configure Automatic Session Locking on Enterprise Assets,IG1,Y,Not Started,,,
4.4,Secure Configuration of Enterprise Assets and Software,Implement and Manage a Firewall on Servers,IG1,Y,Not Started,,,
4.5,Secure Configuration of Enterprise Assets and Software,Implement and Manage a Firewall on End-User Devices,IG1,Y,Not Started,,,
4.6,Secure Configuration of Enterprise Assets and Software,Securely Manage Enterprise Assets and Software,IG1,Y,Not Started,,,
4.7,Secure Configuration of Enterprise Assets and Software,Manage Default Accounts on Enterprise Assets and Software,IG1,Y,Not Started,,,
4.8,Secure Configuration of Enterprise Assets and Software,Uninstall or Disable Unnecessary Services on Enterprise Assets and Software,IG2,,Not Started,,,
4.9,Secure Configuration of Enterprise Assets and Software,Configure Trusted DNS Servers on Enterprise Assets,IG2,,Not Started,,,
4.10,Secure Configuration of Enterprise Assets and Software,Enforce Automatic Device Lockout on Portable End-User Devices,IG2,,Not Started,,,
4.11,Secure Configuration of Enterprise Assets and Software,Enforce Remote Wipe Capability on Portable End-User Devices,IG2,,Not Started,,,
4.12,Secure Configuration of Enterprise Assets and Software,Separate Enterprise Workspaces on Mobile End-User Devices,IG3,,Not Started,,,
5.1,Account Management,Establish and Maintain an Inventory of Accounts,IG1,Y,Not Started,,,
5.2,Account Management,Use Unique Passwords,IG1,Y,Not Started,,,
5.3,Account Management,Disable Dormant Accounts,IG1,Y,Not Started,,,
5.4,Account Management,Restrict Administrator Privileges to Dedicated Administrator Accounts,IG1,Y,Not Started,,,
5.5,Account Management,Establish and Maintain an Inventory of Service Accounts,IG2,,Not Started,,,
5.6,Account Management,Centralize Account Management,IG2,,Not Started,,,
6.1,Access Control Management,Establish an Access Granting Process,IG1,Y,Not Started,,,
6.2,Access Control Management,Establish an Access Revoking Process,IG1,Y,Not Started,,,
6.3,Access Control Management,Require MFA for Externally-Exposed Applications,IG1,Y,Not Started,,,
6.4,Access Control Management,Require MFA for Remote Network Access,IG1,Y,Not Started,,,
6.5,Access Control Management,Require MFA for Administrative Access,IG1,Y,Not Started,,,
6.6,Access Control Management,Establish and Maintain an Inventory of Authentication and Authorization Systems,IG2,,Not Started,,,
6.7,Access Control Management,Centralize Access Control,IG2,,Not Started,,,
6.8,Access Control Management,Define and Maintain Role-Based Access Control,IG3,,Not Started,,,
7.1,Continuous Vulnerability Management,Establish and Maintain a Vulnerability Management Process,IG1,Y,Not Started,,,
7.2,Continuous Vulnerability Management,Establish and Maintain a Remediation Process,IG1,Y,Not Started,,,
7.3,Continuous Vulnerability Management,Perform Automated Operating System Patch Management,IG1,Y,Not Started,,,
7.4,Continuous Vulnerability Management,Perform Automated Application Patch Management,IG1,Y,Not Started,,,
7.5,Continuous Vulnerability Management,Perform Automated Vulnerability Scans of Internal Enterprise Assets,IG2,,Not Started,,,
7.6,Continuous Vulnerability Management,Perform Automated Vulnerability Scans of Externally-Exposed Enterprise Assets,IG2,,Not Started,,,
7.7,Continuous Vulnerability Management,Remediate Detected Vulnerabilities,IG2,,Not Started,,,
8.1,Audit Log Management,Establish and Maintain an Audit Log Management Process,IG1,Y,Not Started,,,
8.2,Audit Log Management,Collect Audit Logs,IG1,Y,Not Started,,,
8.3,Audit Log Management,Ensure Adequate Audit Log Storage,IG1,Y,Not Started,,,
8.4,Audit Log Management,Standardize Time Synchronization,IG2,,Not Started,,,
8.5,Audit Log Management,Collect Detailed Audit Logs,IG2,,Not Started,,,
8.6,Audit Log Management,Collect DNS Query Audit Logs,IG2,,Not Started,,,
8.7,Audit Log Management,Collect URL Request Audit Logs,IG2,,Not Started,,,
8.8,Audit Log Management,Collect Command-Line Audit Logs,IG2,,Not Started,,,
8.9,Audit Log Management,Centralize Audit Logs,IG2,,Not Started,,,
8.10,Audit Log Management,Retain Audit Logs,IG2,,Not Started,,,
8.11,Audit Log Management,Conduct Audit Log Reviews,IG2,,Not Started,,,
8.12,Audit Log Management,Collect Service Provider Logs,IG3,,Not Started,,,
9.1,Email and Web Browser Protections,Ensure Use of Only Fully Supported Browsers and Email Clients,IG1,Y,Not Started,,,
9.2,Email and Web Browser Protections,Use DNS Filtering Services,IG1,Y,Not Started,,,
9.3,Email and Web Browser Protections,Maintain and Enforce Network-Based URL Filters,IG2,,Not Started,,,
9.4,Email and Web Browser Protections,Restrict Unnecessary or Unauthorized Browser and Email Client Extensions,IG2,,Not Started,,,
9.5,Email and Web Browser Protections,Implement DMARC,IG2,,Not Started,,,
9.6,Email and Web Browser Protections,Block Unnecessary File Types,IG2,,Not Started,,,
9.7,Email and Web Browser Protections,Deploy and Maintain Email Server Anti-Malware Protections,IG3,,Not Started,,,
10.1,Malware Defenses,Deploy and Maintain Anti-Malware Software,IG1,Y,Not Started,,,
10.2,Malware Defenses,Configure Automatic Anti-Malware Signature Updates,IG1,Y,Not Started,,,
10.3,Malware Defenses,Disable Autorun and Autoplay for Removable Media,IG1,Y,Not Started,,,
10.4,Malware Defenses,Configure Automatic Anti-Malware Scanning of Removable Media,IG2,,Not Started,,,
10.5,Malware Defenses,Enable Anti-Exploitation Features,IG2,,Not Started,,,
10.6,Malware Defenses,Centrally Manage Anti-Malware Software,IG2,,Not Started,,,
10.7,Malware Defenses,Use Behavior-Based Anti-Malware Software,IG3,,Not Started,,,
11.1,Data Recovery,Establish and Maintain a Data Recovery Process,IG1,Y,Not Started,,,
11.2,Data Recovery,Perform Automated Backups,IG1,Y,Not Started,,,
11.3,Data Recovery,Protect Recovery Data,IG1,Y,Not Started,,,
11.4,Data Recovery,Establish and Maintain an Isolated Instance of Recovery Data,IG1,Y,Not Started,,,
11.5,Data Recovery,Test Data Recovery,IG2,,Not Started,,,
12.1,Network Infrastructure Management,Ensure Network Infrastructure is Up-to-Date,IG1,Y,Not Started,,,
12.2,Network Infrastructure Management,Establish and Maintain a Secure Network Architecture,IG2,,Not Started,,,
12.3,Network Infrastructure Management,Securely Manage Network Infrastructure,IG2,,Not Started,,,
12.4,Network Infrastructure Management,Establish and Maintain Architecture Diagram(s),IG2,,Not Started,,,
12.5,Network Infrastructure Management,"Centralize Network Authentication, Authorization, and Auditing (AAA)",IG2,,Not Started,,,
12.6,Network Infrastructure Management,Use of Secure Network Management and Communication Protocols,IG2,,Not Started,,,
12.7,Network Infrastructure Management,Ensure Remote Devices Utilize a VPN and are Connecting to an Enterprise's AAA Infrastructure,IG2,,Not Started,,,
12.8,Network Infrastructure Management,Establish and Maintain Dedicated Computing Resources for All Administrative Work,IG3,,Not Started,,,
13.1,Network Monitoring and Defense,Centralize Security Event Alerting,IG2,,Not Started,,,
13.2,Network Monitoring and Defense,Deploy a Host-Based Intrusion Detection Solution,IG2,,Not Started,,,
13.3,Network Monitoring and Defense,Deploy a Network Intrusion Detection Solution,IG2,,Not Started,,,
13.4,Network Monitoring and Defense,Perform Traffic Filtering Between Network Segments,IG2,,Not Started,,,
13.5,Network Monitoring and Defense,Manage Access Control for Remote Assets,IG2,,Not Started,,,
13.6,Network Monitoring and Defense,Collect Network Traffic Flow Logs,IG2,,Not Started,,,
13.7,Network Monitoring and Defense,Deploy a Host-Based Intrusion Prevention Solution,IG3,,Not Started,,,
13.8,Network Monitoring and Defense,Deploy a Network Intrusion Prevention Solution,IG3,,Not Started,,,
13.9,Network Monitoring and Defense,Deploy Port-Level Access Control,IG3,,Not Started,,,
13.10,Network Monitoring and Defense,Perform Application Layer Filtering,IG3,,Not Started,,,
13.11,Network Monitoring and Defense,Tune Security Event Alerting Thresholds,IG3,,Not Started,,,
14.1,Security Awareness and Skills Training,Establish and Maintain a Security Awareness Program,IG1,Y,Not Started,,,
14.2,Security Awareness and Skills Training,Train Workforce Members to Recognize Social Engineering Attacks,IG1,Y,Not Started,,,
14.3,Security Awareness and Skills Training,Train Workforce Members on Authentication Best Practices,IG1,Y,Not Started,,,
14.4,Security Awareness and Skills Training,Train Workforce on Data Handling Best Practices,IG1,Y,Not Started,,,
14.5,Security Awareness and Skills Training,Train Workforce Members on Causes of Unintentional Data Exposure,IG1,Y,Not Started,,,
14.6,Security Awareness and Skills Training,Train Workforce Members on Recognizing and Reporting Security Incidents,IG1,Y,Not Started,,,
14.7,Security Awareness and Skills Training,Train Workforce on How to Identify and Report if Their Enterprise Assets are Missing Security Updates,IG1,Y,Not Started,,,
14.8,Security Awareness and Skills Training,Train Workforce on the Dangers of Connecting to and Transmitting Enterprise Data Over Insecure Networks,IG1,Y,Not Started,,,
14.9,Security Awareness and Skills Training,Conduct Role-Specific Security Awareness and Skills Training,IG2,,Not Started,,,
15.1,Service Provider Management,Establish and Maintain an Inventory of Service Providers,IG1,Y,Not Started,,,
15.2,Service Provider Management,Establish and Maintain a Service Provider Management Policy,IG2,,Not Started,,,
15.3,Service Provider Management,Classify Service Providers,IG2,,Not Started,,,
15.4,Service Provider Management,Ensure Service Provider Contracts Include Security Requirements,IG2,,Not Started,,,
15.5,Service Provider Management,Assess Service Providers,IG3,,Not Started,,,
15.6,Service Provider Management,Monitor Service Providers,IG3,,Not Started,,,
15.7,Service Provider Management,Securely Decommission Service Providers,IG3,,Not Started,,,
16.1,Application Software Security,Establish and Maintain a Secure Application Development Process,IG2,,Not Started,,,
16.2,Application Software Security,Establish and Maintain a Process to Accept and Address Software Vulnerabilities,IG2,,Not Started,,,
16.3,Application Software Security,Perform Root Cause Analysis on Security Vulnerabilities,IG2,,Not Started,,,
16.4,Application Software Security,Establish and Manage an Inventory of Third-Party Software Components,IG2,,Not Started,,,
16.5,Application Software Security,Use Up-to-Date and Trusted Third-Party Software Components,IG2,,Not Started,,,
16.6,Application Software Security,Establish and Maintain a Severity Rating System and Process for Application Vulnerabilities,IG2,,Not Started,,,
16.7,Application Software Security,Use Standard Hardening Configuration Templates for Application Infrastructure,IG2,,Not Started,,,
16.8,Application Software Security,Separate Production and Non-Production Systems,IG2,,Not Started,,,
16.9,Application Software Security,Train Developers in Application Security Concepts and Secure Coding,IG2,,Not Started,,,
16.10,Application Software Security,Apply Secure Design Principles in Application Architectures,IG2,,Not Started,,,
16.11,Application Software Security,Leverage Vetted Modules or Services for Application Security Components,IG2,,Not Started,,,
16.12,Application Software Security,Implement Code-Level Security Checks,IG3,,Not Started,,,
16.13,Application Software Security,Conduct Application Penetration Testing,IG3,,Not Started,,,
16.14,Application Software Security,Conduct Threat Modeling,IG3,,Not Started,,,
17.1,Incident Response Management,Designate Personnel to Manage Incident Handling,IG1,Y,Not Started,,,
17.2,Incident Response Management,Establish and Maintain Contact Information for Reporting Security Incidents,IG1,Y,Not Started,,,
17.3,Incident Response Management,Establish and Maintain an Enterprise Process for Reporting Incidents,IG1,Y,Not Started,,,
17.4,Incident Response Management,Establish and Maintain an Incident Response Process,IG2,,Not Started,,,
17.5,Incident Response Management,Assign Key Roles and Responsibilities,IG2,,Not Started,,,
17.6,Incident Response Management,Define Mechanisms for Communicating During Incident Response,IG2,,Not Started,,,
17.7,Incident Response Management,Conduct Routine Incident Response Exercises,IG2,,Not Started,,,
17.8,Incident Response Management,Conduct Post-Incident Reviews,IG2,,Not Started,,,
17.9,Incident Response Management,Establish and Maintain Security Incident Thresholds,IG3,,Not Started,,,
18.1,Penetration Testing,Establish and Maintain a Penetration Testing Program,IG2,,Not Started,,,
18.2,Penetration Testing,Perform Periodic External Penetration Tests,IG2,,Not Started,,,
18.3,Penetration Testing,Remediate Penetration Test Findings,IG2,,Not Started,,,
18.4,Penetration Testing,Validate Security Measures,IG3,,Not Started,,,
18.5,Penetration Testing,Perform Periodic Internal Penetration Tests,IG3,,Not Started,,,
