Subcategory ID,Function,Category,Title,Current Tier,Target Tier,Gap Description,Implementation Status,Evidence Reference,Owner,Last Review Date
GV.OC-01,GOVERN (GV),GV.OC Organizational Context,Organizational Context,,,,Not Started,,,
GV.OC-02,GOVERN (GV),GV.OC Organizational Context,Organizational Context,,,,Not Started,,,
GV.OC-03,GOVERN (GV),GV.OC Organizational Context,Organizational Context,,,,Not Started,,,
GV.OC-04,GOVERN (GV),GV.OC Organizational Context,Organizational Context,,,,Not Started,,,
GV.OC-05,GOVERN (GV),GV.OC Organizational Context,Organizational Context,,,,Not Started,,,
GV.RM-01,GOVERN (GV),GV.RM Risk Management Strategy,Risk Management Strategy,,,,Not Started,,,
GV.RM-02,GOVERN (GV),GV.RM Risk Management Strategy,Risk Management Strategy,,,,Not Started,,,
GV.RM-03,GOVERN (GV),GV.RM Risk Management Strategy,Risk Management Strategy,,,,Not Started,,,
GV.RM-04,GOVERN (GV),GV.RM Risk Management Strategy,Risk Management Strategy,,,,Not Started,,,
GV.RM-05,GOVERN (GV),GV.RM Risk Management Strategy,Risk Management Strategy,,,,Not Started,,,
GV.RM-06,GOVERN (GV),GV.RM Risk Management Strategy,Risk Management Strategy,,,,Not Started,,,
GV.RM-07,GOVERN (GV),GV.RM Risk Management Strategy,Risk Management Strategy,,,,Not Started,,,
GV.RR-01,GOVERN (GV),"GV.RR Roles, Responsibilities, and Authorities","Roles, Responsibilities, and Authorities",,,,Not Started,,,
GV.RR-02,GOVERN (GV),"GV.RR Roles, Responsibilities, and Authorities","Roles, Responsibilities, and Authorities",,,,Not Started,,,
GV.RR-03,GOVERN (GV),"GV.RR Roles, Responsibilities, and Authorities","Roles, Responsibilities, and Authorities",,,,Not Started,,,
GV.RR-04,GOVERN (GV),"GV.RR Roles, Responsibilities, and Authorities","Roles, Responsibilities, and Authorities",,,,Not Started,,,
GV.PO-01,GOVERN (GV),GV.PO Policy,Policy,,,,Not Started,,,
GV.PO-02,GOVERN (GV),GV.PO Policy,Policy,,,,Not Started,,,
GV.OV-01,GOVERN (GV),GV.OV Oversight,Oversight,,,,Not Started,,,
GV.OV-02,GOVERN (GV),GV.OV Oversight,Oversight,,,,Not Started,,,
GV.OV-03,GOVERN (GV),GV.OV Oversight,Oversight,,,,Not Started,,,
GV.SC-01,GOVERN (GV),GV.SC Cybersecurity Supply Chain Risk Management,Cybersecurity Supply Chain Risk Management,,,,Not Started,,,
GV.SC-02,GOVERN (GV),GV.SC Cybersecurity Supply Chain Risk Management,Cybersecurity Supply Chain Risk Management,,,,Not Started,,,
GV.SC-03,GOVERN (GV),GV.SC Cybersecurity Supply Chain Risk Management,Cybersecurity Supply Chain Risk Management,,,,Not Started,,,
GV.SC-04,GOVERN (GV),GV.SC Cybersecurity Supply Chain Risk Management,Cybersecurity Supply Chain Risk Management,,,,Not Started,,,
GV.SC-05,GOVERN (GV),GV.SC Cybersecurity Supply Chain Risk Management,Cybersecurity Supply Chain Risk Management,,,,Not Started,,,
GV.SC-06,GOVERN (GV),GV.SC Cybersecurity Supply Chain Risk Management,Cybersecurity Supply Chain Risk Management,,,,Not Started,,,
GV.SC-07,GOVERN (GV),GV.SC Cybersecurity Supply Chain Risk Management,Cybersecurity Supply Chain Risk Management,,,,Not Started,,,
GV.SC-08,GOVERN (GV),GV.SC Cybersecurity Supply Chain Risk Management,Cybersecurity Supply Chain Risk Management,,,,Not Started,,,
GV.SC-09,GOVERN (GV),GV.SC Cybersecurity Supply Chain Risk Management,Cybersecurity Supply Chain Risk Management,,,,Not Started,,,
GV.SC-10,GOVERN (GV),GV.SC Cybersecurity Supply Chain Risk Management,Cybersecurity Supply Chain Risk Management,,,,Not Started,,,
ID.AM-01,IDENTIFY (ID),ID.AM Asset Management,Asset Management,,,,Not Started,,,
ID.AM-02,IDENTIFY (ID),ID.AM Asset Management,Asset Management,,,,Not Started,,,
ID.AM-03,IDENTIFY (ID),ID.AM Asset Management,Asset Management,,,,Not Started,,,
ID.AM-04,IDENTIFY (ID),ID.AM Asset Management,Asset Management,,,,Not Started,,,
ID.AM-05,IDENTIFY (ID),ID.AM Asset Management,Asset Management,,,,Not Started,,,
ID.AM-07,IDENTIFY (ID),ID.AM Asset Management,Asset Management,,,,Not Started,,,
ID.AM-08,IDENTIFY (ID),ID.AM Asset Management,Asset Management,,,,Not Started,,,
ID.RA-01,IDENTIFY (ID),ID.RA Risk Assessment,Risk Assessment,,,,Not Started,,,
ID.RA-02,IDENTIFY (ID),ID.RA Risk Assessment,Risk Assessment,,,,Not Started,,,
ID.RA-03,IDENTIFY (ID),ID.RA Risk Assessment,Risk Assessment,,,,Not Started,,,
ID.RA-04,IDENTIFY (ID),ID.RA Risk Assessment,Risk Assessment,,,,Not Started,,,
ID.RA-05,IDENTIFY (ID),ID.RA Risk Assessment,Risk Assessment,,,,Not Started,,,
ID.RA-06,IDENTIFY (ID),ID.RA Risk Assessment,Risk Assessment,,,,Not Started,,,
ID.RA-07,IDENTIFY (ID),ID.RA Risk Assessment,Risk Assessment,,,,Not Started,,,
ID.RA-08,IDENTIFY (ID),ID.RA Risk Assessment,Risk Assessment,,,,Not Started,,,
ID.RA-09,IDENTIFY (ID),ID.RA Risk Assessment,Risk Assessment,,,,Not Started,,,
ID.RA-10,IDENTIFY (ID),ID.RA Risk Assessment,Risk Assessment,,,,Not Started,,,
ID.IM-01,IDENTIFY (ID),ID.IM Improvement,Improvement,,,,Not Started,,,
ID.IM-02,IDENTIFY (ID),ID.IM Improvement,Improvement,,,,Not Started,,,
ID.IM-03,IDENTIFY (ID),ID.IM Improvement,Improvement,,,,Not Started,,,
ID.IM-04,IDENTIFY (ID),ID.IM Improvement,Improvement,,,,Not Started,,,
PR.AA-01,PROTECT (PR),"PR.AA Identity Management, Authentication, and Access Control","Identity Management, Authentication, and Access Control",,,,Not Started,,,
PR.AA-02,PROTECT (PR),"PR.AA Identity Management, Authentication, and Access Control","Identity Management, Authentication, and Access Control",,,,Not Started,,,
PR.AA-03,PROTECT (PR),"PR.AA Identity Management, Authentication, and Access Control","Identity Management, Authentication, and Access Control",,,,Not Started,,,
PR.AA-04,PROTECT (PR),"PR.AA Identity Management, Authentication, and Access Control","Identity Management, Authentication, and Access Control",,,,Not Started,,,
PR.AA-05,PROTECT (PR),"PR.AA Identity Management, Authentication, and Access Control","Identity Management, Authentication, and Access Control",,,,Not Started,,,
PR.AA-06,PROTECT (PR),"PR.AA Identity Management, Authentication, and Access Control","Identity Management, Authentication, and Access Control",,,,Not Started,,,
PR.AT-01,PROTECT (PR),PR.AT Awareness and Training,Awareness and Training,,,,Not Started,,,
PR.AT-02,PROTECT (PR),PR.AT Awareness and Training,Awareness and Training,,,,Not Started,,,
PR.DS-01,PROTECT (PR),PR.DS Data Security,Data Security,,,,Not Started,,,
PR.DS-02,PROTECT (PR),PR.DS Data Security,Data Security,,,,Not Started,,,
PR.DS-10,PROTECT (PR),PR.DS Data Security,Data Security,,,,Not Started,,,
PR.DS-11,PROTECT (PR),PR.DS Data Security,Data Security,,,,Not Started,,,
PR.PS-01,PROTECT (PR),PR.PS Platform Security,Platform Security,,,,Not Started,,,
PR.PS-02,PROTECT (PR),PR.PS Platform Security,Platform Security,,,,Not Started,,,
PR.PS-03,PROTECT (PR),PR.PS Platform Security,Platform Security,,,,Not Started,,,
PR.PS-04,PROTECT (PR),PR.PS Platform Security,Platform Security,,,,Not Started,,,
PR.PS-05,PROTECT (PR),PR.PS Platform Security,Platform Security,,,,Not Started,,,
PR.PS-06,PROTECT (PR),PR.PS Platform Security,Platform Security,,,,Not Started,,,
PR.IR-01,PROTECT (PR),PR.IR Technology Infrastructure Resilience,Technology Infrastructure Resilience,,,,Not Started,,,
PR.IR-02,PROTECT (PR),PR.IR Technology Infrastructure Resilience,Technology Infrastructure Resilience,,,,Not Started,,,
PR.IR-03,PROTECT (PR),PR.IR Technology Infrastructure Resilience,Technology Infrastructure Resilience,,,,Not Started,,,
PR.IR-04,PROTECT (PR),PR.IR Technology Infrastructure Resilience,Technology Infrastructure Resilience,,,,Not Started,,,
DE.CM-01,DETECT (DE),DE.CM Continuous Monitoring,Continuous Monitoring,,,,Not Started,,,
DE.CM-02,DETECT (DE),DE.CM Continuous Monitoring,Continuous Monitoring,,,,Not Started,,,
DE.CM-03,DETECT (DE),DE.CM Continuous Monitoring,Continuous Monitoring,,,,Not Started,,,
DE.CM-06,DETECT (DE),DE.CM Continuous Monitoring,Continuous Monitoring,,,,Not Started,,,
DE.CM-09,DETECT (DE),DE.CM Continuous Monitoring,Continuous Monitoring,,,,Not Started,,,
DE.AE-02,DETECT (DE),DE.AE Adverse Event Analysis,Adverse Event Analysis,,,,Not Started,,,
DE.AE-03,DETECT (DE),DE.AE Adverse Event Analysis,Adverse Event Analysis,,,,Not Started,,,
DE.AE-04,DETECT (DE),DE.AE Adverse Event Analysis,Adverse Event Analysis,,,,Not Started,,,
DE.AE-06,DETECT (DE),DE.AE Adverse Event Analysis,Adverse Event Analysis,,,,Not Started,,,
DE.AE-07,DETECT (DE),DE.AE Adverse Event Analysis,Adverse Event Analysis,,,,Not Started,,,
DE.AE-08,DETECT (DE),DE.AE Adverse Event Analysis,Adverse Event Analysis,,,,Not Started,,,
RS.MA-01,RESPOND (RS),RS.MA Incident Management,Incident Management,,,,Not Started,,,
RS.MA-02,RESPOND (RS),RS.MA Incident Management,Incident Management,,,,Not Started,,,
RS.MA-03,RESPOND (RS),RS.MA Incident Management,Incident Management,,,,Not Started,,,
RS.MA-04,RESPOND (RS),RS.MA Incident Management,Incident Management,,,,Not Started,,,
RS.MA-05,RESPOND (RS),RS.MA Incident Management,Incident Management,,,,Not Started,,,
RS.AN-03,RESPOND (RS),RS.AN Incident Analysis,Incident Analysis,,,,Not Started,,,
RS.AN-06,RESPOND (RS),RS.AN Incident Analysis,Incident Analysis,,,,Not Started,,,
RS.AN-07,RESPOND (RS),RS.AN Incident Analysis,Incident Analysis,,,,Not Started,,,
RS.AN-08,RESPOND (RS),RS.AN Incident Analysis,Incident Analysis,,,,Not Started,,,
RS.CO-02,RESPOND (RS),RS.CO Incident Response Reporting and Communication,Incident Response Reporting and Communication,,,,Not Started,,,
RS.CO-03,RESPOND (RS),RS.CO Incident Response Reporting and Communication,Incident Response Reporting and Communication,,,,Not Started,,,
RS.MI-01,RESPOND (RS),RS.MI Incident Mitigation,Incident Mitigation,,,,Not Started,,,
RS.MI-02,RESPOND (RS),RS.MI Incident Mitigation,Incident Mitigation,,,,Not Started,,,
RC.RP-01,RECOVER (RC),RC.RP Incident Recovery Plan Execution,Incident Recovery Plan Execution,,,,Not Started,,,
RC.RP-02,RECOVER (RC),RC.RP Incident Recovery Plan Execution,Incident Recovery Plan Execution,,,,Not Started,,,
RC.RP-03,RECOVER (RC),RC.RP Incident Recovery Plan Execution,Incident Recovery Plan Execution,,,,Not Started,,,
RC.RP-04,RECOVER (RC),RC.RP Incident Recovery Plan Execution,Incident Recovery Plan Execution,,,,Not Started,,,
RC.RP-05,RECOVER (RC),RC.RP Incident Recovery Plan Execution,Incident Recovery Plan Execution,,,,Not Started,,,
RC.RP-06,RECOVER (RC),RC.RP Incident Recovery Plan Execution,Incident Recovery Plan Execution,,,,Not Started,,,
RC.CO-03,RECOVER (RC),RC.CO Incident Recovery Communication,Incident Recovery Communication,,,,Not Started,,,
RC.CO-04,RECOVER (RC),RC.CO Incident Recovery Communication,Incident Recovery Communication,,,,Not Started,,,
